<?xml version="1.0" encoding="UTF-8" ?>
<!DOCTYPE log4j:configuration SYSTEM "log4j.dtd">
<log4j:configuration xmlns:log4j="http://jakarta.apache.org/log4j/">
	<!--使用 ConsoleAppender 来输出日志，到eclipse的控制台-->
	<appender name="STDOUT" class="org.apache.log4j.ConsoleAppender">
		<!--输出的编码是utf-8-->
		<param name="Encoding" value="UTF-8" />
		<!--输入日志的布局格式 -->
		<layout class="org.apache.log4j.PatternLayout">
			<param name="ConversionPattern" value="%-5p %d{MM-dd HH:mm:ss,SSS} %m  (%F:%L) \n" />
		</layout>
	</appender>
	<!--日志记录 java.sql 包下的类产生的debug级别的错误信息-->
	<logger name="java.sql">
		<level value="debug" />
	</logger>
	<!--日志记录 org.apache.ibatis 包下的类产生的debug级别的错误信息-->
	<logger name="org.apache.ibatis">
		<level value="debug" />
	</logger>
	<!--从根开始就使用这样的配置，直接饮用 STDOUT-->
	<root>
		<level value="debug" />
		<appender-ref ref="STDOUT" />
	</root>
</log4j:configuration>
